Company,Date,Headline,Summary,Score,Source,URL
Tesla,2026-02-02,SpaceX–xAI Merger Speculation Puts Tesla’s AI Valuation Back in Focus - Barron's,"I apologize, but no actual article text was provided in your request. Without the specific article content, I cannot perform a detailed analysis or extract key information. 

If you would like me to a",0.50,Barron's,https://news.google.com/rss/articles/CBMingNBVV95cUxQdHVHQTBoRnZlZ2FacnZIUk5ZVkUxbGRILVpPLXVMVnM5YlVpblplRWRlSzFhZjBobTdvb0FGUnhXc2k3eFJNZ0JwZFhmV0NtRXhoa0VKZlo2bFlISVFBbU5tZHpqSUZ1RlFZSjBXM2x0VmRZLS1nNXl6ODVaTGFVbVI0akdBUTlWNXEtRDAyd1JKcjBHY3hUdm1wVEdUbGNLOW5qeGhRWlA5ZzlxUFozSkV0NTVvNG9UMGhMN01lNnp1WTZfODVFaHJpWWx5MmQzWVd4LVF4YVJjSEt3amVvVXQ4QnBoVkZpUVRDaV90LTVNN3hGbllOVEhrRTBtQjVKMGN6Rmtrdms1YjQ3Ui1MSTlGX0VZeHJuQnk2SnpQUFdYakNKTGd1aW9Rc0ZVbndVeUFscWZvQkh2RE9PWWpZRy1rSXpLUTdBSzE4T1BycmJpWGZQYzBCN015Z2o0OVZaOGtBSHFwYXhldW5sOUw0Tk56TmlhNFVRMXdtNlB4RElhM1o2cWNlQ0FfYXg2RTkweWNhYmpoTUNMX0N4V0E?oc=5
Apple,2026-02-01,The AI Boom Is Coming for Apple’s Profit Margins - The Wall Street Journal,"I apologize, but no article text was actually provided in your request. Without the specific text of the article, I cannot perform the analysis and generate the JSON response. If you would like me to ",0.50,The Wall Street Journal,https://news.google.com/rss/articles/CBMijgNBVV95cUxOSjM5aldOejNKLXdQYl9HU1FzWFVLWnFBMFdfTEo4OFRkdzNZektFOUhOWTFvSUl0RmRtVzgyWklCM0IxVU9EQnp4WmNsTGMwd0dQaGxzRERhN2hIMWpxbkVRYl9ZTjV3cGViMU1UR05FWlhNeGhCYmJySWY2ZXFicWJlR05Tc2tuV1BjN3gzYjUxYmlxeVcyZU5PdjA2R2xmX2lyZDF2VndBUmtZT0N1ZXBCaGJMdmwtNmN5b0RqV1dDNFhfVWtObGt3dklRM2lKa1lDNzFZaURkenJLZkxpZXZZclF6bW4tNUdDOHBOQXpub0FGcnRFWFUyXzd3bGFEd3BBOGp3b3hsbk14Z2VaNnp2X1pBeXNyaUEyanhDS0NzWmdkNGdiZEdZOFZWMmhQMFE1T29zeWR0SlVJQm5ZSnZoQ1gwbG4ya2RVN1hmbktZekh6Qi0xVHBSZERTV3FHOExNaUl5bnY2aVhGOHJUdG9NLWZ2RC05NnlvNWU3R3hOZXpBZ0xvQVZKenVSQQ?oc=5
Tesla,2026-02-02,Tesla: A New Era for North American Lithium Sourcing - Procurement Magazine,"I apologize, but no actual article text was provided in your request. Without the specific article content, I cannot analyze it or extract information. If you would like me to analyze a news article a",0.50,Procurement Magazine,https://news.google.com/rss/articles/CBMigwFBVV95cUxNWjd4cW5TV3E1UndjVEZFb3hsREZHaExtR0hieXFXUHhVWFJYWmh0cHRfTTNZTnpseVg5bWk0UG42b2JIbll1UkpQYUNhMm1mMEtOekFaYmlieDJSS3lUUWwzcGxRMzl1QUcxenh3TXNnakJqd3JsOGxuZXVsNU15eW1FUQ?oc=5
Tesla,2026-02-02,Can Musk's AI Gamble Rescue Tesla's Declining Profits? - Business Chief,"I apologize, but no actual article text was provided in your request. Without the specific article content, I cannot analyze it or extract the requested information. If you would like me to analyze a ",0.50,Business Chief,https://news.google.com/rss/articles/CBMiigFBVV95cUxOZDRmOFBDSHB0UkNuUDV6TlV3akw5VUYwWk1Kd19maUF5bU42RjVSZGczS0pTM1Q2RkFtRmhtdFFNc1ZZNGV1NkU3UWF6QWdKVVJwazFQWXc5bzRkak84clNXRHpvRmRLOTJYRW5GV0VqU0NMUHJTTWlMT1BfcHB3Q0VTZFpJWVFLaUE?oc=5
Tesla,2026-01-30,Tesla throws in the towel on car sales - The Verge,"I apologize, but no actual article text was provided in your request. Without the specific article content, I cannot analyze it or extract information. If you would like me to analyze a news article a",0.50,The Verge,https://news.google.com/rss/articles/CBMijgFBVV95cUxQQVJFc2U0SktZUk1WOS1naDc2TTFpSHBoVDhGdDV2VmRBbjdoWTZjRThwWDFrS0FxM1VES3pKTDdnNmVJS1hfeDlVaXlDTWxkejhHS0dfLTBmQXhoTEJaZWN6cF9mcFVVNXRjUUVLY2pVMlpFT1dzTW81cW9RMlltTnZmdDk5MDZzc2xSOVlR?oc=5
Tesla,2026-02-02,How Tesla Will Power its Robotics & AI Expansion Using Solar - Energy Digital Magazine,"I apologize, but I cannot actually analyze the article because no article text was provided in your message. Without the specific text, I cannot extract key information or generate a meaningful JSON r",0.50,Energy Digital Magazine,https://news.google.com/rss/articles/CBMikwFBVV95cUxQZFZ5Um5vaFo4UlFFc2s0d21oT1BmUzVaZFhVSllla2NQZko2MHM1c1EtUmM2Q1FoR2V3OUkwOVNnaWhXN1hFNndkMjB4NXYyNWhtQldjQnlkOFcxZ1FoMXJnOW9jTVNtdkpYeGpYRE14Um1YcU90a0ZGRDNBQzdXX2d3QkNiVi1XRkYxdzE2TjkzLVk?oc=5
Tesla,2026-02-02,What's Going On With Tesla Stock? - Benzinga,"I apologize, but no actual article text was provided in your request. Without the specific article content, I cannot analyze it or extract information. If you would like me to analyze a news article a",0.50,Benzinga,https://news.google.com/rss/articles/CBMimgFBVV95cUxPNzFzVEQxenc0NGtXYU1zeHRpR1pNNzU0T2ZIMkpvcnJCVWdoMTNWaWVHRWdmdHBtemNBQmxCaW1MUnJMQ1ZqcS1QakZkOTlkUjZzRWZEWFpTOVlXU2t0TmdaUmdEUFhpS1hSWEwxd1l4YmdLejBxaURlQ1pjc1RLdEprbG9KVVZ0blZEZkRhM3JBRjZJSDNmLU53?oc=5
Tesla,2026-02-02,AI & Robotics: Is Tesla Leaving EV Manufacturing Behind? - Manufacturing Digital Magazine,"I apologize, but no actual article text was provided in your request. Without the specific article content, I cannot analyze it or extract information. If you would like me to analyze a news article a",0.50,Manufacturing Digital Magazine,https://news.google.com/rss/articles/CBMilAFBVV95cUxNRlpjQWdhZmdIczlvOEVSMk1Jak44V3hyRjI0dHlRaWFNMzE0LWwyUlhjbXdYRE1kTlVjQVQ4ZEVnU3RYMEpwanVZc0VETHNlVUhTY1ltc09ZMUY5UFk3eDZOZUMyVW83T3VpZzlJbXpTb2xsQV9JajFyMGhhblFmUkU2bi1acV9hVGEyWnZIdVdWMXpH?oc=5
Tesla,2026-02-02,China Bans Tesla-Style Door Handles Outright: Tesla Stock (NASDAQ:TSLA) Slides in Response - TipRanks,"I apologize, but no actual article text was provided in your request. Without the specific article content, I cannot analyze it or extract information. If you would like me to analyze a news article a",0.50,TipRanks,https://news.google.com/rss/articles/CBMitwFBVV95cUxPQjZZNDlVYmFvLWNpeEVrcDRjMEMtVFNpcEhmUjRmM21ZVWlSeEFSNHhXWlg2MnZUS1U3Zjhwd0Z6czJ5OGZGZ01tWVRzbWhrbkVFYjEtQ2FPWHUtZl9IcC1uUnJPbkVBNXhuU2hzMVNtRVZOVllpRnZSUmNuU2xveTNNU3k3TG10N0ltVFNNMEQyT0VRTDg3SEpwdHU0cTM4T09ab2F4WDVaZUM3N2dfeS1iUm01VVk?oc=5
Tesla,2026-02-02,Why Musk's Decision to End Model S/X Production Makes Sense for Tesla - Yahoo Finance,"I apologize, but no actual article text was provided in your request. Without the specific article content, I cannot accurately analyze or extract information. If you would like me to analyze a news a",0.50,Yahoo Finance,https://news.google.com/rss/articles/CBMif0FVX3lxTE8wLXNsRUx2N2hXV1F1YjhsdlRBeWpkaG1fU2RMa2RWUk5Zc3V6MGRFYlVFMjNjZFI2aXlMVm5BcDBKWkJiem1OM1pZVlB0aVV4b25QbWg2OHJYeGdtNm5OU1BLLUhMMk9jTGdra2tJWm53bVEzY2c5U3hrRmVGYm8?oc=5
Tesla,2026-02-02,Tesla Reveals FSD Subscription Numbers for the First Time - Not a Tesla App,"I apologize, but no article text was actually provided in your request. Without the specific article content, I cannot perform the analysis and extraction you requested. Could you please paste the ful",0.50,Not a Tesla App,https://news.google.com/rss/articles/CBMinAFBVV95cUxON25aTzB4eFJ4cGQ5NjVoTUI1bk5LT3JwcHlJbW9DTXllZGFiNzZnaWZKWlVzVlVUY0pQQjRZdXNnaW9ZV2lhbUxBY1JzbkZodVM0c1Y3NllmcF9pWExwUWU4N2ZTYU5Vd3JPbmljdV84WEdLc1U5QjFmM0h2N0JhaWRObGY1dFNMWFdrUU5XRVoyR2FQY0VCRDdLV2c?oc=5
Tesla,2026-01-28,"Tesla tops estimates for quarter, but wraps up first annual revenue drop on record - CNBC","Tesla reported quarterly earnings that exceeded analyst estimates, but experienced its first annual revenue decline in its history. The company's financial performance reflects challenges in the electric vehicle market and pricing strategies.",0.95,CNBC,https://news.google.com/rss/articles/CBMickFVX3lxTFBIcmNFZHZuaU5TbzVFaTJFSXBadWI1WUhtWXo2ck9jdnVFVmFQaFRnNHJlMVo2SUQ4MGcyMGg0V1Z2RDhLUnlqY3ppQ2N6SDF4RGhGOVhHaWtxSVFpNlI3dW8xTTBTZHBoV0xqaU9GRTBtZ9IBd0FVX3lxTE5feGdQZmdrcFdZWFRHZE9wY3dwd0p2dzNreGViMWtzTW5BMmRYM2lLWFFIX1BjaFRtdmdxZjhXX0NhaXhudlRTS0pfYkdWa0FEOEt5dXljbXVmM013a21scDgxc2VNN01FeTVPQTZWTUVjSDlhVUJZ?oc=5
Tesla,2026-02-02,The Elephant in the Room: What's Tesla's Plan With the Cybertruck in the New Era? - autoevolution,"I apologize, but no actual article text was provided in your request. Without the specific article content, I cannot analyze it or extract information. If you would like me to analyze a news article a",0.50,autoevolution,https://news.google.com/rss/articles/CBMixAFBVV95cUxPZHpzclEzTTJpUTJhbmxfYUpSaUs0SkNaMUwwa185YWt0amNUM3l6dUlTSGIwTmh4VW1yaThwbGVNWHdoVTZPTDJ3UXhsTlI4elZMX01WbWd4bk5WZ05HTWpNX1pmWDJOMjk0Zkt6aUpJOUZCSHNaMU1TOG1UYUZ3N2k5aDdIWFRrR1hvYUFkYkJXQkdKX3VONUIzN0RSRWRxQmRhcEUzZXp1djV6S0UtQjYtd2MxSW5kYjBGWU45d3dqdFVB?oc=5
Tesla,2026-01-29,Why Elon Musk is making a smart move by killing off Tesla’s Model S and Model X - MarketWatch,"I apologize, but I cannot actually analyze the article because no article text was provided in your request. Without the specific text, I cannot extract key details or generate an accurate JSON respon",0.50,MarketWatch,https://news.google.com/rss/articles/CBMiwwNBVV95cUxOa1R0VWFQQ2NsVUtaaHpiZ1d0aC1mUlVLaDRFb3dTaXNYeHRNb0VtRXp0a19QX2xTLUxSdlZyMWl2dkM5OHZQTjk1ZzZxZVdWa0VKYjB0bVZVXzc1OW4zSkltcWtuQ3doNl9BTm5jZ0N4NC1HZVJuek1iVU5ZR0cwVndaNUZacm15dDFiWG5aazZtWFhTTEdXNmgxeGxwR1BCcUVVT01lamRnQmU5WWR3RVl1WTVidnFEVXFVR0gzS0pON29ab2NTNm1XMG5LWlhNQUtoak9ta3VHSW1lT2RQTjQ1UjFyb1llU1dPeVZUaWEtYXFZcW02aGN4ZTVfM0gzVjJmSlRMWUNkS3QzUXAzZFJmZWhpTTQ1WHoxSUZmU1VDU0dMQU9MMWpWeUJtVWJ5dFNGVWFpTElNazdlaFZka1pia0d3aXNGMndjaGhPZXlzQ3Y3ckpfMTZmVW9QYXZZN1pCc3FHOWdtWUQwbkpQZUxRM2FvZnpYdjJpbjZzLU9QQktjOVBwYjMxZzJFdVJ1eVR4SjhJYXVaU2N5QUhQYjNycWw3V3lxbkE2a3ZaQlMwYTJ6dGxSSkhEUXJMUXdkYWdz?oc=5
Tesla,2026-01-29,Why Elon Musk is making a smart move by killing off Tesla’s Model S and Model X - MarketWatch,"I apologize, but I cannot actually analyze the article because no article text was provided in your message. Without the specific text, I cannot extract key information or generate a meaningful JSON r",0.50,MarketWatch,https://news.google.com/rss/articles/CBMiwwNBVV95cUxOMW1MUTFJangwV1A1VUlFanVmX25wV205bVFsQWk1alljTktIYXFLMDV4aVpSUmROX2FzS0ZDTXhqLXc5RFgwWFBFMk52d3UxY01xT2NManR3aV9kRkViOGl1ajBHRG5GQ0N1YjZVcV9wdXRSd0hqM25VNThWSDNJZUFLcGxVVVpJOUZEcnpGWFh6cXhqbk5kdlQ4ZEtWbGJCczB4aGpZSU9IZkJSZDFsMnhLazkxSlBWZHFOdXRNQ1dmODVOYnE4ZzJ4YlRnUmk0cGgwUTI5T21feWNmdkk0cWVjZlFyTUZqYmUtODdDUEZpejZ0emFaMDlrVXdXSXhBaW1scTRROXk3Ym4zVXNvNk03aTJDZnhMa3NxRUljNkl3c1VZM0xyMWtZdDQ4VjgtOVJuVUpGX0hEU2d6WDRoTVZ0cDBRU0UxcHlfaWdTazBxNms2NTJoemlCUzNlOUNCRlVJNGNsMUFlYW9QYjd4VmNnd2lscmFQbUNESWVnN1hPS2lVSEpFcU0tSC1TYjZnbE1qTk9GXzhaejZ1R1puVk9RMXRYLW5tQTRKcDBVX2t3MWhkS1ZsYU50QzFRY0VKWkU0?oc=5
Tesla,2026-02-02,"Tesla Norway Records Worst Month in 3 Years, Sweden Sales Jump 26% in January - eletric-vehicles.com","I apologize, but no actual article text was provided in your request. Without the specific article content, I cannot analyze it or extract information. If you would like me to analyze a news article a",0.50,eletric-vehicles.com,https://news.google.com/rss/articles/CBMisAFBVV95cUxNcUNrdkhid3FTYUE0aHR4WENHQ3J2Zy1FcTktS2VUd1lPZmphaGFJQS1RUVlack8tTE81MWFpU0IxVXB4OXVFZS1qbndtT2dJQWliTXNIN3VKSGRZRXAwMm1LMjBmNk9HZlVxMUF2Tmd6eDhCZkhSdDRqY1Y4WnFnWVlKYUVPM1hsTFdKZWhVVXFSUmVYNkVGeUNZeEpTYi1Wc1FaS3RiUWVWOEdxa3g0bg?oc=5
Tesla,2026-02-02,Inside Tesla's $20B Capex Plan: How TSLA Is Shaping Its Future - Nasdaq,"I apologize, but no actual article text was provided in your request. Without the specific article content, I cannot perform the analysis and extraction you requested. 

If you would like me to analyz",0.50,Nasdaq,https://news.google.com/rss/articles/CBMikgFBVV95cUxNNTAxREpYOHFZYXNUQTlLN0pZajMxbTFQMU42bzZ5Q3UzZjBDVWwyZ3hhcmN0NWhRUVJOR0VmQ3l4N01BQXZKb0hJYlVGd3dyVkoyTU8waUI5d0Q5UU1rVmMwQUQyWThQbXFoS1ZoN2RvcWk5dGhZejhQTzRGbjdvMDhPVzV6ZlhOZzlhTndiYWZLdw?oc=5
Tesla,2026-02-02,Elon Musk loses Tesla's 'Cybercab' trademark after one astonishing mistake - UNILAD Tech,"I apologize, but no actual article text was provided in your request. Without the specific article content, I cannot analyze it or extract information. If you would like me to analyze a news article a",0.50,UNILAD Tech,https://news.google.com/rss/articles/CBMirAFBVV95cUxQekZ2X2JlcHF1ODljc1MwVkE2UmJmM3BxdzBiRFZnVmdqV0RTTTNfQWJuVWdXWWFMbDNQa0lSQ0lUUFdjcVVFMHdRcjJ4MEMwTlNHNlJoS1JHNjJvVHFCQ3RXcTJzZXZ1WlE1MkJiMGp0MFoyOGloaXRKNmk3d2k0WGpyVjJoZ25hcUFlZFM3YWxXb2VZbTVJVG43R3hRX1RnWUlxMzFfR1BGc2N6?oc=5
Tesla,2026-02-02,"Tesla Profits Pummeled from Protests, DOGE and ICE - LA Progressive","I apologize, but no actual article text was provided in your request. Without the specific article content, I cannot perform the analysis and extraction you requested. If you would like me to analyze ",0.50,LA Progressive,https://news.google.com/rss/articles/CBMiekFVX3lxTE1Mb3FIUmVrRjM0Y2ZmaGZKaWJYdDVvWVhQdGFRTEkyS0FvYzVVODUyQmtiRmtaRUJ1NGpkYnU2OWNvNTF5ZlBrbTJWbV8zYWxZVFA3SndMZmNldHFpM2xZYnNkcjlqbnBFMnhadnlvQkN2TjhmV2Q0X21B?oc=5
Tesla,2026-02-02,Tesla's Robotaxis No Longer Have Safety Drivers In This US City - bgr.com,"I apologize, but no actual article text was provided in your request. Without the specific article content, I cannot analyze it or extract the requested information. If you would like me to analyze a ",0.50,bgr.com,https://news.google.com/rss/articles/CBMikgFBVV95cUxPLUNVN3dXTjkwdVFHUlpCdGxBSkN5M01SZ2x1c1dLWUdRaDYxNWhGZXVVQTFFbVo4RFdGUTJPelVRclpxNE1XTHJqbjZFSG9uRTZzMWltRVE5U2FuSlFVUzJxTzYyMEI5NTU0M0N1cUFOT09RemhiVllKVExTT1hSbDhsSGlCc2JqS1FFem9KZlk0UQ?oc=5
Tesla,2026-02-02,"ICYMI | Spielberg completes EGOT, Elon to shift Tesla to robots, Trump threatens to sue Trevor Noah - kcentv.com","{
    ""summary"": ""A brief mention suggests Elon Musk plans to shift Tesla's focus towards robotics, though specific details are not provided in this headline."",
    ""relevance_score"": 0.4,
    ""signal",0.50,kcentv.com,https://news.google.com/rss/articles/CBMikgJBVV95cUxNUEhCcFIxMU01d29WVFoyTVNqQVdHcUhYR3dYbkNZNlRMVFZKaWlIZ0Q2c294NktDcDdSNEhiWDBUZnpBQUN0WExiZVFOSVI1aHM1WUg5ZTN1VFB5bmxyckpVeDYta1kzWWd2Rmcza1l0TXpfUWlGM04tODVVeGFienFlbGtwNkJaQ3lfbWl2czlPY1U1SWRWS0I5UXI3QTJDd3BGS1ZyMUUySDdWamduY0lEbGtNM3ROMlNzbDJlUDhhSVZKZWYyNmJvTGVEWTlhNUFvc3dMX0lUNGdtSFQ5UW1pN3pCTnk4el9Uc2JGUGUwTEplUWljaVplVEVRZHJyeEk3VGZYN0lMLURxQmdtbTNR?oc=5
Tesla,2026-01-29,Tesla is committing automotive suicide - Electrek,"I apologize, but I cannot analyze the article because no actual text was provided in your request. Without the specific article content, I cannot extract key information or generate a meaningful JSON ",0.50,Electrek,https://news.google.com/rss/articles/CBMidkFVX3lxTE5KeFBlY0FlM3B3aGZ6QVNIYk11TFRaY3RuTzU5QzgtZ2dMZFRyZURmZUo3aElyM05NQno1U0g1RHlSbm1wNzlGbU5KaUdnUVRoY2Y2RUhHbUNtc0x2ZlZFd215WE56eGUyTk1EVmtyTVdpUEoyVnc?oc=5
Tesla,2026-01-29,Tesla plans $20 billion capital spending spree in push beyond human-driven cars - Reuters,"Tesla is planning a significant $20 billion capital investment to expand its manufacturing capabilities and advance its technology beyond traditional human-driven vehicles, signaling an aggressive growth strategy.",0.95,Reuters,https://news.google.com/rss/articles/CBMi2AFBVV95cUxOS2phRzllUWhwMzBjMXg1UkJlN1VFWXljbG5LTlJSQkdCNFJONEx1bG9NUXF6S09yaXlXUkhKeVdGVHE3N0o1eUwwNjEtYmctcjJ2RUNRUC1TMWxpX1FzYjhyVklubFRoT1NwQTVQYVdfVC1QN3B3RHE2c0ptZlRMQmIzSEpELWFkSWExRUJ6blkxS05VQWxESmVJSTg0aGtIUlJpNUh2UDJ3NnEwbkFZbHlCMlR2OVNtRFcwZ0ZrR01HUHVId3owWWV4MmdzUmxtcXhmRFRmRXE?oc=5
Tesla,2026-02-02,"Tesla's 'Annoying' FSD Can't Even Handle A Sunny Day, Ross Gerber Says - Benzinga","I apologize, but no actual article text was provided in your request. Without the specific article content, I cannot perform the analysis and extraction you requested. If you would like me to analyze ",0.50,Benzinga,https://news.google.com/rss/articles/CBMiugFBVV95cUxNVHVDbGFNWjZJTUdaaGppRUZfMTloSGtYMWdaaW9xdTc4Q19GdmpUcEJqQ2d6OVVqck5XRjU5OEthMGNOX1NnTjh2SjdtSG1XYndSSFNpM2pURWRGOU5IYTVpZ2g4U01NTHRBbEFNc3hQU0JKVWotaTNjRjRQWXhIMDNmWU1KOXBHRmk3Vm1ZYWxKclEzNHZ0Z2x4cWYzN2JQU2dzVk5LYndTdmZYNy1fT2xsamFxdXgxaHc?oc=5
Tesla,2026-01-30,Why Tesla Stock Popped Today - The Motley Fool,"I apologize, but no article text was actually provided in your request. Without the specific article content, I cannot analyze it or generate the JSON response. If you'd like me to analyze a news arti",0.50,The Motley Fool,https://news.google.com/rss/articles/CBMie0FVX3lxTFBUWUZSV3pLNVl6ZWpwUEFFeUtpblhmQTB6NXpVWGpqeHZXRm1kUFAwaUxPeHBsaEFGRTFvNmd5ZGFEbHpaRGZnS2N0QjlHUGxQRVQwX1pVM2kxQWVYb1ptUUtGMFNlSENBRVYyWEpHX0g2MTVhcmc0NnItZw?oc=5
Tesla,2026-02-02,"January's Fireworks Finale - Metals Melt Down, MAGS Are Mixed Up And Tesla Pivots - Seeking Alpha","I apologize, but you have not actually provided the text of the news article. Without the full text, I cannot analyze its content or extract key information. If you would like me to help you, please p",0.50,Seeking Alpha,https://news.google.com/rss/articles/CBMiswFBVV95cUxONWJsR05uSHRGOHBtb3A2WjB1N2pzWnVSN2NKaEJmOXFtNzB6UGRjbXB2TWJMcmRVMmpNcU9iZ3pmN2U3WTl2eVpXQWJQSVQ1ckZadWZoS1VEWkllQWJ2MDN2QVlPTkFuOXBtZU1vTkZZOVJCNjlpMWJxY1FjZDcxRDVfSzEwQUZaWVZ0UlNaeEN5bS12N3BQZzVEdkNFaGVGRnpXb2h3VXZVZllPQ21za0xWTQ?oc=5
Tesla,2026-01-28,"Tesla to Invest $2 Billion in Elon Musk’s xAI, Cancel Two EV Models - The Wall Street Journal","I apologize, but I cannot actually analyze the article because no article text was provided in your request. You've only shared a headline, which suggests some details about Tesla investing in xAI and",0.50,The Wall Street Journal,https://news.google.com/rss/articles/CBMiigNBVV95cUxQWE9oYnBNS2VUV3phSV8wMkJmOG1TRUpoQkxONTQwcmpsd3hPZVpMOFJKLWM3elJuOGdXXzhZaGpBX29icmVDUkhDNjBKUzVJNDhkSW1od0FfbmZ0VHNqb3BEenliVk1hNFJUMlZCSUtwUFFET052U1FHX2JKUnFvRzN4YzJ0VkJ3YW9ZM0NzOVY2SHJXd0VMY3hkT2RuR2VQcHRhMl9CTWwwVkpzRnBFczhTdjAyWlltTXNyOS05c2IyaWk1Uk1DaFgxVWo2MHlLYVZ4STFZbFNnSUZ1ZDd0SEQwM25faGg2b1hDZU1KaEhoZlE0OU8zanNOWUFzMXMxWUFTbGxsbFNXRmtPRVJsSER2SFBaRkM1TEp0UWR2VS14M056UW5ZbXRJOWx4TmQ3cTgzZFJ6TzdZdVVpb2VyaWw0clRpRGxPWEVMWm8tbFllbTdSY1Q0bWM0Y2FLVGFHUEt1YThjNTh5cVM1WUlJLW9KM0IzczFTRktyNnZUS3ZsVVdzUE1oZzVR?oc=5
Tesla,2026-01-28,"Tesla to Invest $2 Billion in Elon Musk’s xAI, Cancel Two EV Models - The Wall Street Journal","I apologize, but I cannot actually analyze the article because no article text was provided in your request. You've only shared a headline, which suggests some details about Tesla investing in xAI and",0.50,The Wall Street Journal,https://news.google.com/rss/articles/CBMiigNBVV95cUxNU3FvWW5PeE9xUHZCamFVdUw1cl84LW93ZlFVZGZuc0xVcDdfQzkzSTlZZlRSYzQ3V3psZUR6aVFnRHJuemhGQnBpZkNrMU1nWXJ3SEQxVTJIV1Jqd3YwODBvTVFNNl8tMXY1b0RVT3dBNkoyNFpwVGVjMnlWY0JqbjdwZV9OUkhMWlQ1OFRXX19YV0poeDlGUjJkS3FMWDc5WUdvY1RSYXBQUTBFMlM0TGU3amR4X0wxUnRqQ0p6VUxfeHZnSjdtLUJvRHYxWHVYV201YzR1SkdyYTczX2FTV1RrZFE2UzRwM0U1Z2NpNzhfajlKRmdjMDJzcTVUNDA4NDNocU5DTHlyTFR6MzJ1bTFodEk3cEg1SkhFT3Nya1dCakJMZDJZQ0Q4ZUNITVZOTnF3RWMyaEw2ek1iZlQxZmt2ejI3eVpvZ2V3OGlhMmZBS1Q4LVBCdEpLcTdRVDh1M29Wd2IxVU10LVlSUzVTemdpbGk4aEVDa2x3U3ZXTWIydGhzb3RJdzJ3?oc=5
Tesla,2026-02-01,Waymo’s Valuation Is More Than Doubling. What That Means for Tesla. - Barron's,"I apologize, but no actual article text was provided in your request. Without the specific article content, I cannot analyze it or extract key information. If you would like me to analyze a news artic",0.50,Barron's,https://news.google.com/rss/articles/CBMiggNBVV95cUxOVTVycWwxUklvM3Q5M3V2Tl9Yb0N0RFdHdlREUFV0TmVPMkQ2LUJydzc0OGZESEZrYXhocWNYby1ERnM5dGkwOUp0aGVsT1dyMUZRQ2plaVZJYmtqR21RUHJNTmVhRU4yTGUxb3lrWkdqcFlsT18tUm12RWRiLWswTGZYUF9WSEI2Wl9rOWpTbVc0blFwdVRBMmtSMkc0M2piZ1ZkUDlFZThBbHdtUVRCVWYxLXI5X0IxSFQza2RpTER5WC1EM2RtY1BENkFtTldRYUtTLXRuZy1vX2V3UnhxZ2JqdlZOVjNzRmJIQ0Fxald3cXVEaXdpdFBxTmVOV2wwYi1RdWpVcEFWYTUzMUJLcTZWXzZlSG5VcFRHUkQ3Mnk2N3FFa1NldzlWSTJzdHQwU0RZb0x6Qy0tVUNieVZJM2kwRXlfNkttd0VLZzFyaXNDLUJaNFgzOWVUZ3N2ZHZLc01ncm83allFTzNUc2cyQ0ozeURzLTNXNWp3VGtxYVFJZw?oc=5
Tesla,2026-02-01,Waymo’s Valuation Is More Than Doubling. What That Means for Tesla. - Barron's,"I apologize, but no actual article text was provided in your request. Without the specific article content, I cannot analyze it or extract key information. If you would like me to analyze a news artic",0.50,Barron's,https://news.google.com/rss/articles/CBMiggNBVV95cUxPVjVuNUZHT3hPZzFsQ3VpM0xhNkJBeUxFZEdla2NJTHBHSnk5VUo4dEFHbEJ0eXQzQjlZX3BFVm1WVW5GZnVBYTBXVmllYXFIZjV2Y2xHcFpkOXFTSE1VcU9SSkl6WUE3MWN0eWJPNmZxcldPSlBWSUZBU1FoT3otWEMzVDhnYkRvc2xZOThsRWlXdFoyNWE5SVdENlpLVkk2bk1TcnQyam1SbWIyajZXeEczMXlsTWFiYjdLSlIwZWhaT2lzTng0SDJQMVYtc29vd0hPQmx6WHVNMmZsYVNCdGUtby11M28yVTJEWEhMRTZLQkxFM1RNZFZEMjlGOW1UWE1UUzlkanczV2l0V0laNFQ0VFM0c0FlNTNDLU1LWUhZNFRfREhVRVlJc3c0djkzZDhZMVRuWnFpc1IxOWxteXpPd19kcEJHT2Jtb1FsVy0wU1JBeWIzbk9YX2VHX01KSWRfdk96OTAtQUhhMm9kS2JyN1JrdnZBdFMzMmNlQ0ozdw?oc=5
Tesla,2026-01-28,Tesla scraps Model S and Model X to build robots - CNN,"I apologize, but no actual article text was provided in your request. Without the specific article content, I cannot analyze it or extract information. If you'd like me to analyze a news article about",0.50,CNN,https://news.google.com/rss/articles/CBMib0FVX3lxTE8yTmZKdWV0TWgyTm9vV2pyYWdZRjU0Y0lWeXhySm8tMUhRT0tmSzEwWWpxbnpZZ25HU3ZZVWdMZE8wU3REV2diTkl2LXF3WXBPenBPU2VMV01hWmZPRDE0akdxYzJtNlk4TTFiWWFLaw?oc=5
Tesla,2026-01-29,"Tesla profits slumped 46% last year, as it lost its crown as the top EV seller - NPR","Tesla experienced a significant 46% drop in profits in the previous year, and lost its position as the top electric vehicle seller in the global market.",0.95,NPR,https://news.google.com/rss/articles/CBMickFVX3lxTFAtb1YtbURqR2xMMEp6ZDhEQUN6ZTBVX054Q1ZxSlAyeVU3aUtnNXVnM1RHeWpGcWVVeEFkOGZlVWVBM241Z29QSzBpYmlvUU5wNWlDQ1kwUjhZR3RrR3pOMjRsWWpIcGhGZ2lDcTFFaGFPdw?oc=5
Tesla,2026-01-29,Tesla Ending Model S and X Production in Favor of ... Robots - MotorTrend,"I apologize, but no actual article text was provided in your request. Without the specific article content, I cannot analyze it or extract key information. If you would like me to analyze a news artic",0.50,MotorTrend,https://news.google.com/rss/articles/CBMif0FVX3lxTE1xUG5tRjNyVUNrY0VJWWQzWTZHQ3B2YkoyeXk0UGdnTVRsbFFaNFYwSDVVQ1hueEdGV0pXTFNoUEY1bWFRWkZnUXRzWEhqVDdpUl9EOXhtbzRQenF5azlTLVRZaWxtSFgxdGZKOFIyaGFQTnNRUkoxQ1RpcFdjN0k?oc=5
Tesla,2026-01-29,Elon Musk's $20 billion spending plan signals 'Tesla of yesterday is gone' - CNBC,"I apologize, but you have not actually provided the full text of the news article. Without the complete article content, I cannot perform a detailed analysis or extract key information. 

If you would",0.50,CNBC,https://news.google.com/rss/articles/CBMipAFBVV95cUxOVXNpUW5oWTBEakNXeVVGbENET0ZsM0lIUVowblBaY19hR3o2M0RoNnRaUzZwVGVoOTAtOHVxN0tXLVlxTUtwM3NXcm9YanBQM2tYM3JtYklLWW5INVd3cHV0LXZWRDctQmpnX2Z0TmJ0eXI5amZSQ1ctYTNUZnFLN3hvWlZ4Z1JQNldjcnh3THREaTM3WHlQdHpoNldwRDExbkU5a9IBqgFBVV95cUxQdWRNSDVpM1NHVHJ1OEJkWXdUVWdHbmhrU2REYjhUNGRDTGZ3SVBpTFFoRW4zM3RzVnBoNDR1RmNKZTdhX3VsMnR1YTJUdFNadFlUeHFNQy1TWUM4TWp1UXN1ZTBMTDFxWlBERkVoVXI5WDVrYzRocEUxbFkzdUQxQ3kwMV80WnY3TFZLMl9WSk92MzQ1NGJRaDVScWRlS0pWTVlpaWEteG96dw?oc=5
Tesla,2026-02-02,"ETFs in Spotlight as Tesla Tops Q4 Earnings, Dips on Revenue Miss - Zacks Investment Research","Tesla reported its Q4 earnings, with performance that exceeded expectations in some areas but missed on revenue, causing the stock to dip. The company's results are drawing attention from ETF investors and market analysts.",0.90,Zacks Investment Research,https://news.google.com/rss/articles/CBMiqAFBVV95cUxQQmhjSzFEOS1NbkdWTjJ3c0haX19TTk15V2xwSlZGVldqclJWenIwclh5eGlXbWtvNlZVR0pMUDc0ZEtnUl90clV0NWFybjB5MGR0UXpUbmtYZWkwRHd6NFdsVlFkOUtRTFhoYmltSW96Wms1cFg2X2g3dDRSNUMxRnVBWTFzS2FIallHTWZ0ZG5vOEtQNHhhWnFsTzNrM1l3SHB5RkstYzk?oc=5
Tesla,2026-02-02,Billionaires Are Dropping Tesla Stock and Buying This TSX Stock in Bulk - Yahoo! Finance Canada,"I apologize, but no actual article text was provided in your request. Without seeing the specific article content, I cannot accurately analyze or extract information. If you'd like me to analyze the a",0.50,Yahoo! Finance Canada,https://news.google.com/rss/articles/CBMikwFBVV95cUxNSmZPQUQ0M0ZtQVdJS3BoanpsUHgtcWFVWEVKTm8tX3JKQ1JRR1FHMUtlSHVteEtYMVQ4emE2NkJlMDZ1TDd3TnREMGx3TFlJa3lwcE1USzZadGRoWGtVeHRQX1BHZ1N2UU9pellMcXE1SkY0S05OT0xsMFlNRjlOOEFUcnFUQ2F2UjJJV3pTdTJmbkU?oc=5
Tesla,2026-02-02,Tesla Investors Could Be in for a Treat If a SpaceX Merger is on the Table - 24/7 Wall St.,"I apologize, but you have not actually provided the text of the news article. Without the full text, I cannot analyze its content or extract key information. If you would like me to help you, please p",0.50,24/7 Wall St.,https://news.google.com/rss/articles/CBMiugFBVV95cUxPNWlSclNGV1dzOFk4azAzT1pQU25uUkJGWW9raUZGenVBRmVxa0Jwajl3enhHUGJLZ01vZTlOVDRYbElPRmdpYTlRY2hYQzVZZE9KcjJQWlQ4UFB4UmNkNDdxbmEyOTlIZG1SR1RWc2s4ZE9VTE01NlVlV0tRWE1pNXRxVFc3b1EyTEtjOXFMUFQ0eXJvd2w5NG9Xc3ZFeVQyT0g1NDZ4RUtHWlNqU1BwX3VWemJxTGlVS0E?oc=5
Tesla,2026-02-02,Tesla: things have really changed - Automotive World,"I apologize, but no article text was actually provided in your request. Without the specific article content, I cannot perform the analysis and extraction you requested. Could you please paste the ful",0.50,Automotive World,https://news.google.com/rss/articles/CBMiY0FVX3lxTE9VRmgtNXliWnVydWtDNTdpd0hZS1BGc0VKMUtleVROWTc2TjJKclVhOGRxUnBEbVZlaTJQb1ZMbGpvLTlLM0d5ZTlibWhld0M5V1kzblFSdVVCUENDc0trVzRLRQ?oc=5
Tesla,2026-01-30,The End of the Model S Is the Start of a New Tesla - The Wall Street Journal,"I apologize, but no actual article text was provided in your request. Without the specific article content, I cannot analyze it or extract the requested information. If you would like me to analyze a ",0.50,The Wall Street Journal,https://news.google.com/rss/articles/CBMinwNBVV95cUxOemp4WWtoNjF4bXQwVmV4UWU1NU90MlNkZVlKazUxVjR1aEs0TDFsWGFINktKRUdsTFBVSjVBZERBZENvMGdrYWZsRjdWTUx6Z1FQMlBoejJRSE9yNVlPMlVLOUVuaEFvbkl3d1ZfZWl2dDA2eDRxU1p3amVCVzRqcDQ4aDZsNHgyOXVXTHBYX0ZPbHBhbzRvNTA5c1FjQ1hjYjFUWVdDZzM0VWhlU0gzdjlHRk9menZFR0J6b2dTQ1pHOVF0bGpYVmFTWUVTdFdsMDVuZ0VjTDFWWWtJUXdQUmdCSWxPQnVSMU9FM2dpZDlzeENlZ2daX1REQVRWVElHRkNhcVFWUjBDWkdjenY5VFNSeTN6eEppbzFsN1lwby1HZS1HVlFHaWVmc0ItMHU3QnM5MXVrcHpKMmZ1MmZER2RCUGtuZ05IR0dCRVNGN25SOE9QYk5RME1iRWEzSXRDdGR0SEdQbVcyeEJSaGZXekR4cldSOEFXVnVkVnR5eERwRTBrOVFCNjNXMS1xTkVfcjJYOERJWlktYkcxLXJr?oc=5
Tesla,2026-02-02,Tesla Q4 Earnings: My CliffsNotes On 200+ P/E And Record CapEx (NASDAQ:TSLA) - Seeking Alpha,"I apologize, but no actual article text was provided in your request. Without the specific article content, I cannot perform the analysis and extract key information. 

If you would like me to analyze",0.50,Seeking Alpha,https://news.google.com/rss/articles/CBMiqAFBVV95cUxPclRmd2NWdHU1dnNuYUJFQWlfYmd0Q00wbkJfNVNpd01CaEJ5eVV2UkVwWi1iN00wc0t4WU9IaEdjUHFzWHZ5TWo3RWlXVGdDMW5ETUlUMF9OeFU0SEp5dFIyMDdMVjdnSlNWSmw3RWJCellRcmx0OVVJZEVBOF9wa1N4UVJmQ29hOGM1cTJuc1pXMHJpakhTbE55OEhVZlN3ZGxvM2EyZVg?oc=5
Tesla,2026-02-02,Tesla (TSLA) Reliance on International Sales: What Investors Need to Know - Nasdaq,"I apologize, but no actual article text was provided in your request. Without the specific article content, I cannot analyze it or extract information. If you would like me to analyze a news article a",0.50,Nasdaq,https://news.google.com/rss/articles/CBMinAFBVV95cUxQeVlVSVBhYkJsMC0xaWdHM1ZwYVB6Ry1XRkVZbmI1OTBUejhUOENWeW52Vm9DYXQtSGhpYnBWRnBCYzh2RXVTcGhjQUFRME1nTXhOOUFWclBKWDloXzlxeW5hZVl2bHdaN19JYmpTVk5TTWhDd29VMHZQTnFEdFpHQ1NsZkpvb2VBS1pZeUFiV0ZnS3ZRNkU3MVkyZko?oc=5
Tesla,2026-02-02,"BYD, Chinese EV Stock Plunge On Weak Data. What That Means for Tesla Stock. - Barron's","I apologize, but you have not actually provided the full text of the news article. Without seeing the complete article, I cannot accurately analyze its content or extract key information. 

If you wou",0.50,Barron's,https://news.google.com/rss/articles/CBMiiANBVV95cUxQTlpVU1JUdU43M1p1R2ZUay0ycXZrNloxbTNFaVlxT1A3U0lhdE1rN0FWa2x6TXY4QXlIdkpvZU4zZFloSDBrdS1Hc1N6R3ZkMkFJcVVCN1lkN1FDTzBybkNpMUdsN1l2UXFOdFZvWFQ2dnVtUFNQX0l0aTA0Y1NNTDR4MnlaZTBUMm5IaVZQakExUnlxVjU2RlMxelB3Y1A5SVhaMkhlMkVGYnVlaU9aTjVoUS0wc3FoZ2ZObTFzbWdXc2NXLTRJYkRnZlA4aFNseXlGMXRISkYtSGZQV1VJN21LYm1qZjBLVXlBbnBmeWNFbG9PdFdOTENBeWNLeUVSZDctS0V1SXNMZkw2SmFWcDNSOHBsaUd1TlhrOU1pY2xJNXZGZWtoYVktNkdFa1V3S2FuclY2MmFsSzlEQi1heTBuRFFBdGJRajhfVkhsNThfNXpEOHBrS0VzQ0ZhMVdVM0YxbnRJTXU2eXRkUFlwRnZRdUZuUExZUmtVcUNHVHFIcmxuaWRLMw?oc=5
Tesla,2026-02-02,Ford Denies Collaboration With Chinese EV Maker. Tesla Stock Is Dropped Anyway. - Barron's,"I apologize, but the actual article text was not included in your request. Without the full text, I cannot accurately analyze the article or extract the key information. 

If you would like me to anal",0.50,Barron's,https://news.google.com/rss/articles/CBMihANBVV95cUxQTF9OekhsYTV6bjBmUXhDaGh5YVkzQTE5dlczLWVTQ2ROUTZMMURqVzVPS0xzRVpXZDdoLXhUMkJQeUlHSjBKSDlfcVZQYkJUVW9JX3lJR2RWQWttNUZEVjRILXVHNkk3VTZRTEhpYm52eVZEc3pEZ3IyLUNLX3lnVk1ST0RtbFFHZmZKcENUYWlsTVBxVTJIRVNNTVBoTWlSazgwaDFBdC1FcURPQzBsUnJnY1VQMUgyS0VoZU9lcmd3TVpieWF5VFB2TXdKR0lpRkZ0Q3hPR0pJUlY2cFkyeFZyYjBPUXRpN1N4bG5hMGpvS0U4VjRpM2hvM24xSC1LNl93akFralVLcy11RmJZLVh4LXpIcWV5b3BwMTRXVjBZdlBzOXRXYVJBN0pCbUV5RURpajM2UU8teHEzZGNZRXczT090eXNnVm1nZTJoSEdsek9qc2Z6djVoT3lsSjV0NTdHZmFfMlNXTHFvTDlZWFhtVTVlYVFYN3Fjb19QZnI1WDZ0?oc=5
Tesla,2026-02-02,"Tesla Sales Slump to Three-Year Low in France, Plunge 88% in Norway - Bloomberg","Tesla experienced significant sales declines in France and Norway, with an 88% drop in Norway and a three-year low in France, indicating potential challenges in the European electric vehicle market.",0.90,Bloomberg,https://news.google.com/rss/articles/CBMitwFBVV95cUxOeHk1cXZLZEUyOHI4cjhwNW9LOUtxWDM2SjgzcnR0R3Q1eHZxQU5uMDRGeWVrMEZxS2QydkRFVE9DVXpoM0c5c0hlV1cyTURYSXROdWNJVEdVUVI4WlZId1BDcUJuZkhLTzFZVmFvazU4ZkFHRHhFRk1fb2JtVGFVSUFyQ2NoS2xLbFUyWXpaRVFLNjZqdGtyUFdIVGhxXzUxaXJlSFhJX0hzUEJxRk5GX1pQc202d1k?oc=5
Tesla,2026-01-28,"Tesla Profit Slumps, but Investors May Not Care - The New York Times","I apologize, but no actual article text was provided in your request. Without the specific article content, I cannot analyze it or extract the requested information. If you would like me to analyze a ",0.50,The New York Times,https://news.google.com/rss/articles/CBMiiAFBVV95cUxNemZpWk9lRXFGa18xN0YzZHMwTWVmNFFLTkVmTlAzeF93aVJ5WHN0bjFILTAyUFV4OFl0a2tTb0MwbjhjYkZNRmF1N1JfTFFraHZwWWtUdWRvTnF0TkliUThCbXBaclpRenVkaEpHVVFIbjA2U3oya2FGVW9YdzF0eFl3LU5sMTEx?oc=5
Tesla,2026-01-28,"Elon Musk says Tesla ending Models S and X production, converting Fremont factory lines to make Optimus robots - CNBC",Elon Musk announced Tesla will cease production of Models S and X at its Fremont factory and repurpose the production lines to manufacture Optimus humanoid robots.,0.95,CNBC,https://news.google.com/rss/articles/CBMiekFVX3lxTE9pN0I3S0Y2ZHIzck5adzVIQmtmbHVtMXV3NjVfR0xTNE52b2o4aE9HWHBNRmx1Mi1HUjh5aGN5OFlvSzJsekVMaVk0bDNPaXhMRlA0dWxxdWJIUXRCbU5QdFRLTkFRVFdMa2VQd1hNajdsbS0wXzBDOThB0gF_QVVfeXFMTzBCZGM4UjltY0lHcXNCeGtqRFFjWnM5VDFNUnJ0ZnZWWlFxNGxKRWdmRlRtYm5xSGhnTUtRd2JxN3V5MDBBaXM2dkNDVHJ4LU43OGxuZlU2aWc1azVJZGN4RHJRdDRiOVdja1FhM1N5YnZlMndyVUxsSUVoWFBQMA?oc=5
Apple,2026-02-02,"January 30, 2026 - AppleValleyNewsNow.com","I apologize, but no article text was actually provided in your request. Without the specific article content, I cannot analyze it or generate the requested JSON response. Could you please paste the fu",0.50,AppleValleyNewsNow.com,https://news.google.com/rss/articles/CBMizwFBVV95cUxNQlgyZDRzWGpVN3pFVExqcXpJek9UWldDZFF3OFRCRFBaVUloOXdiRXpOam5BQnBkSGEwYmtuZGp2WV85OWhnRjRCVi02RnFVR0JGSGNsRlBLZnVHZWZITGpPU1l6S21ncDN2SktlT3BsMWJReWFMWDRRNlNMZWJTSkhzV29QT09lR3dGazlSQjZ0OFhRUGNFdDMxdVBhQ1Byb1RzX1RRSk8zUHhrak5IcjFNUGpTWmtBZkFJeXh0T256SGtrLVptbkdIWDBGRWc?oc=5
Tesla,2026-02-02,Tesla director pay lawsuit sees lawyer fees slashed by $100 million - Teslarati,"A lawsuit regarding Tesla director compensation has resulted in a significant reduction of lawyer fees by $100 million, suggesting a favorable outcome for Tesla in the legal dispute.",0.90,Teslarati,https://news.google.com/rss/articles/CBMijAFBVV95cUxON1B6R3FZVDBaNlBWMVotcDR4TmF5TEZfNHFqaFpwWUVGc05way04VU13RFpBdG1RTzBnZmlQV19NaExDVmhNMGpNX1JWV2lyS21ZWks0M3JZQURoaEUwMFIxckMwUnNQZ1ZKZmVIY3ZTZ3lpT1BhSDZUM25Rby1zSl8wVE10amx2S0hGcA?oc=5
Tesla,2026-02-02,Tesla registrations in Europe show little recovery in January - WKZO,"I apologize, but no actual article text was provided in your request. Without the specific article content, I cannot analyze it or extract information. If you would like me to analyze a news article a",0.50,WKZO,https://news.google.com/rss/articles/CBMilAFBVV95cUxNQTZKbzh6YkdIdHZuNHVFdEdHcDdDUXhPM2Ywc2RmN2hhRjducGd4NUVjQTY4Smp6NFV3bnYxbjl0ei1yNW5zSDNvTlktQUZIS2NURnZLa1AtQURZYnEtdmpoTkFvQ1VhTF9Bcnd0bTEwdFBEb2U4T3puUXh2ci1pOVFnM19OSVlKVXRRdmR2TGpmWGVx?oc=5
Tesla,2026-02-02,Tesla: A Musk Empire Is The Latest Upside Catalyst (NASDAQ:TSLA) - Seeking Alpha,"I apologize, but no actual article text was provided in your request. Without the specific article content, I cannot perform the analysis and extraction you requested. 

If you would like me to analyz",0.50,Seeking Alpha,https://news.google.com/rss/articles/CBMilAFBVV95cUxNZEFFNVdCZkVicmxKdGpNd2tOWVFNdnhEaVl3TFFpTEV3elloOHN2MmcyRFZxR1hLdWk0b19XNUV6NXFKclVqZ3RMdHROenZmdnNBcGU4cWd3SU4wU3RHSS1Oa1hvOGdWTHFrZ3JKdWc2bjA2c2c0dTd6NGdzaEZWR083TEFocmg2Ym9EeUFHTFpWQm9t?oc=5
Tesla,2026-02-02,"Tesla 2026: Prioritising Solar and Dropping ""Sustainable"" - Sustainability Magazine","I apologize, but no actual article text was provided in your request. Without the specific article content, I cannot analyze it or extract information. If you would like me to analyze a news article a",0.50,Sustainability Magazine,https://news.google.com/rss/articles/CBMie0FVX3lxTE5rOS1lT1ZURUhzODhlSWlDY3JqcTBPWHkySExNU0ZCTElQSDZGbXNJNkpscW5jQ3MzQTFQNjhhRUJXcE5OOFdEZDFWem81TjVNNGVUVHBhd25ta3JMZEp3bkhnVER3LXpqaWp4aXFnaVNtc2ZyUHBLMnE2QQ?oc=5
Tesla,2026-02-02,Jim Cramer on Tesla: “Call Me a Buyer and Give Me Five Robots While I’m at It” - Yahoo Finance UK,"I apologize, but no actual article text was provided in your request. Without the specific article content, I cannot perform the analysis and extract key information. 

If you would like me to analyze",0.50,Yahoo Finance UK,https://news.google.com/rss/articles/CBMiggFBVV95cUxOZGQyTmNsOWlfZnVSbTJNSHhtaDVxelM4QjhSOFRnR1ZDV2lsMXhQVzlaRURmUzV4cWpyTFJPa05Pd1BDRHJTMFZwTFZmSE8tRDdaOGJYTjFaMHBqaWZyalBkQlFvbnh1VXNPWm1HRUh5Y19UUFZ3X01hUlV6RUo2Q2FR?oc=5
Tesla,2026-02-01,Ask Nathan: Does Saving Tesla Mean a Baby Cybertruck and Mercedes-Maybach GLS600 Family Hauling? - TFLcar,"I apologize, but no actual article text was provided in your request. Without the specific article content, I cannot perform the analysis and extract key information. If you would like me to analyze a",0.50,TFLcar,https://news.google.com/rss/articles/CBMizAFBVV95cUxQSXdENzJLMDVlcG05N1NLQ3hwR2RqTDlCazlsSXpNdjU3clJiMWVJaF8wQ0ZrVVF2bVRsWVR2WWxzQ2dFdFcza2VKRzF5a2dvdU9oUWs2ektKUzE1QzBlb3Z2RjlhQ2RKdnBSWnREVVRURURUX1BnRjVGcEZXYTAyaDk3TWxhb05RZVVackhmSFdxRkVUeHRtOTFqZ2U3SlhLdUQxWWdzMUR5bEdjV0FTcVZOWXhydEZyU2lQeUNLNjJ3Tk1wZ1VCZnBrbUQ?oc=5
Tesla,2026-02-02,"Tesla new car sales in Italy jump year-on-year in January, after 2025 drop By Reuters - Investing.com","I apologize, but no actual article text was provided in your request. Without the specific article content, I cannot analyze it or extract information. If you would like me to analyze a news article a",0.50,Investing.com,https://news.google.com/rss/articles/CBMixwFBVV95cUxOVUpLUzNyenl0a0h6Y0pyd0VzcmlfZjlGV05mNmtzajBPdnRYdlFQOHF3NkhsWmxpd1k2RlZaTFQzSkJoSE1ic2xIcXhXSVR1ZHp1cmxYLXR6a043SlhzLTdQY2VQbGdpazE4NjA5a09ZN3dKZ080UUNsR2JyR0liTWRhZVV5c0QwY2VMbS1jbm9IOURQT2p4Z05VRGhWYWZ6RnNORjlGdS0temd3c0hrM3lVa21lZ0VQdkZNLXJTWlZmTFRXUk9j?oc=5
Tesla,2026-02-02,Tesla registrations in Europe show little recovery in January - Automotive News,"I apologize, but no actual article text was provided in your request. Without the specific article content, I cannot analyze it or extract the requested information. Could you please paste the full te",0.50,Automotive News,https://news.google.com/rss/articles/CBMifkFVX3lxTE1wNmMweVhEZjN0U0xQdDY5VXB6UXB2clBCakZOYjNSMEhXLW40N2NlcWQ3emQ4c0s4MjFJQTZNR0kwQVNrOVpPaDhTMkVQMU5DLVc5Y2RaZkF2RTVvbTBfSEJndGpnX1NiVlNmYWpBU3pQNWJsaUxWd3A0VVNzQQ?oc=5
Tesla,2026-02-02,Tesla quietly paywalls a standard feature from all of its Model 3 and Model Y cars - supercarblondie.com,"I apologize, but I cannot actually analyze the article because no article text was provided in your request. You've only shared a title and source, which is insufficient to perform a meaningful analys",0.50,supercarblondie.com,https://news.google.com/rss/articles/CBMijgFBVV95cUxNZTVLcFd1YVhFRG5OX0xxUThHa3ZQbF9qQ3AwVEhoeUItbEZPVXNVcEp4Yk9fbUR1U01GdmJlU2dhc0pIM1dDenFSZHNIOENoczlveFV2SmFEbjBVbzF0bFUxMWE1dXc3aFJSTGFsLTJucFREVlN0N00zc0loNnJ0NnI3VmNDUlFVZ180dHJ3?oc=5
Tesla,2026-02-02,"Toyota and Honda dominate US consumer trust in EV brands as Tesla trails, survey finds - Electric & Hybrid Vehicle Technology International","I apologize, but no actual article text was provided in your request. Without the specific article content, I cannot perform the analysis and generate the JSON response. Could you please paste the ful",0.50,Electric & Hybrid Vehicle Technology International,https://news.google.com/rss/articles/CBMi2wFBVV95cUxQSncxRXhKcGE0YmJ0Ukc0bGd1SHo4LXhuR1ZUZTAwN2gzYzdyQkwwS25kQjV2V2NoWWtOcW51dEtXSkJBN1VpNVJwS0Z5X1pHUkxzV0o3ejhZWk5jMmhzbjd4MUdBMnZjWmNQVG5fbUZIWHNHRmJHekJva05EMnFwOWFRRTRaajByUG1qSzlVeEZBbXZiZXJXN1pJU09qWHpmY1dzQWsydFpSOHIyVDYwX1VjdlhzbGpqSmhLOUlvTGZzUHppQU1Tbm9Ba1M3Wl9DRVA5YnlqUWZJNGc?oc=5
Tesla,2026-01-29,"Tesla to End Model S and X Production, Shift Fremont to Optimus Robots - Autoweek","I apologize, but no actual article text was provided in your request. Without seeing the specific article content, I cannot accurately analyze or extract information. If you would like me to analyze a",0.50,Autoweek,https://news.google.com/rss/articles/CBMid0FVX3lxTE5kZjhpUmpkTTdYZVplSEdFYVlQVHhpRlk0WjZWYTlLdFJJUnFQa2dIaTR4YlVuQ2FvZkZmaE9zSklSdk8wcGxIM2ZWdzQ3MFExbmpxVG96N1VNN3NnWURncDlMWTZZSkRaVDdULWk0TVFsYXVwSWkw?oc=5
Tesla,2026-02-02,SpaceX bails out xAI in mega-deal — here’s what it means for Tesla - Electrek,"I apologize, but I cannot actually analyze the article because no text was provided in your request. You mentioned an article title from Electrek about SpaceX, xAI, and Tesla, but the article content ",0.50,Electrek,https://news.google.com/rss/articles/CBMimwFBVV95cUxNLTZlVGV0TTlUZmpGaWVrRUVxWGFRemdoYlhGaWVUYWNWU2pQY3gtdWFENUZJbDRjbUdYWmlIRXlfQUstSzlMNlBvWllkMUwwamlobEVSY3FxVnpSc0JKMXlReDJqYzNiSVNXY3JxUkVBWDVzUHVRWGtrbmc5alFkSlEyMHVrLWpQclhKT0xjV3BZOHZSU0xVVV9iMA?oc=5
Tesla,2026-02-02,"Tesla's Q4 Earnings Call Gave Us An Insight Into Elon Musk's Optimus Ambitions, As Well As Challenges - Yahoo Finance","I apologize, but you have not actually provided the full text of the news article. Without the complete article content, I cannot perform a comprehensive analysis. 

However, based on the title alone,",0.50,Yahoo Finance,https://news.google.com/rss/articles/CBMif0FVX3lxTE1qX25ES2xkX185VDJJbTgyVzloU3pDQUllaFBUdDNSdkFMcF9HMFVMeDFvUE1FY2FnczFGV2oxRlprdmJLREVETFpINTRUVXYxUzl1bVZLMmZhcjJxckxoY1p1TTVfUHBkSTNSRHJqOFlQa3U3RENlVWYwQmNUZHc?oc=5
Tesla,2026-02-02,Pilot & Tesla Partner on Semi Charging Network for Fleets - Convenience Store News,"I apologize, but no article text was actually provided in your request. Without the specific article content, I cannot analyze it or extract the requested information. Could you please paste the full ",0.50,Convenience Store News,https://news.google.com/rss/articles/CBMidkFVX3lxTFA4aFktSWFsME95VDE0Y1pBc01kOW5HUG9BWjJjUjNjV2tHenMzdGVxNlRIMHA0VWR6UURqS2lNWGdqckFjOTVSMWtLYkM2aFljWkJaVjRZc1NvaEZSYjg3cGtpekJ6c3BudVZ6N0VWOE5EYTVuVnc?oc=5
Tesla,2026-02-02,SpaceX–xAI Merger Speculation Puts Tesla’s AI Valuation Back in Focus - Barron's,"I apologize, but no actual article text was provided in your request. Without the specific article content, I cannot perform the analysis and extraction you requested. If you would like me to analyze ",0.50,Barron's,https://news.google.com/rss/articles/CBMingNBVV95cUxPUmFDY2VtMThjR1llVlQzSUVZMmhVeU82cl9DRmh4clhaLWRhTTBYMWRSRDV3R281OHBXeVBMRTQ4Ukd6ZkZhZXR4TE0xcDVvUTZpWmd2eGF6NEQ3TWdxbE9qMEF1cUlkTDhZY3dYUlBqRzU3OFVRelVrWkJhdVFxSkZWcndaOGxQWmVUNEsyVTZVZmpsOWZyU0FmNDdfdFhoV0ZfN3RxVXk4SzJnM3p3OERqcXR2bjBRT2NmYVhaaUF4S3ZHcVBTWFFfSWU4YnlJbmV2STRTdWJxSmJfTHFhSFlLMWdReW5ZVm9zMVctcFRaakt3TkU4VXNISWhkbnlwaE1ORDZFNnZHbERQMnowcl9PYnd0RXd5RU5KblZ1TVhhaDNMX3NrYi1sSzhVamFKdnIzbjhKdjRvYTlRczF2LUUwdFJscnVIdkloS3BqclpFb0ZuWDNUcWpDeDVJWDVoVzZVZEROY2pUUlVLY1RVaC1JQTNSb09uU1U5QUtaT1lXQnh1amplTldfMURHdzZCbVV0eGZudXhsZUx6cFE?oc=5
Tesla,2026-02-02,Tesla’s $20b Bet Forces A Rethink - Moving From Sell To Hold (NASDAQ:TSLA) - Seeking Alpha,"I apologize, but no actual article text was provided in your request. Without the specific article content, I cannot perform the analysis and extraction you requested. If you would like me to analyze ",0.50,Seeking Alpha,https://news.google.com/rss/articles/CBMingFBVV95cUxOQ3hGcnRLR0dmby1XM0Y1dGl1NHRwU2VSYVkyTXRubDNLVUJoSnJYRjE1bGhMWXFBbTlET1Z4cHUwMlFpT1Bka2NBenFFV0x6RjNST1F4Z3U5a09UV2tXVXM3QktsQVgtS21USjd1UU5uMHFfelkwbXhQLUFmMnhTSFNvczdwbVMxMXNrS2Y5MUsyQlpRaDJ3UVFLN0huQQ?oc=5
Tesla,2026-02-02,Tesla’s stock falls as bleak new sales figures signal more pain for beleaguered EV business - MarketWatch,"I apologize, but no actual article text was provided in your request. Without the specific article content, I cannot perform a detailed analysis. If you'd like me to analyze a news article about Tesla",0.50,MarketWatch,https://news.google.com/rss/articles/CBMi0wNBVV95cUxQSU83blNhbEVFLVg4RW92Ung3QmQ2R3NkYndablNqRnN2dkQySmRtWnN4bHlGbW5ZOHZFVTlfN0dPRkE3RVNWRTBaYThacjdDeG1UbHkxNHhhdU1RTjFIc2dTSndNQnc1YzRWMGVEcDVUTWFyZ0VqaFh6NmowUkdaRHc1MHctVU1aQ2RkczRnbXRwaUsxTlktTkRmT2dIM0d0aVR0Szl3WmZ4SEVLOU54VnU2M2RTblRQZ3JZNzNTX1ZpNHgtY3lnZVp1eHczUDdreTlvdjdHU2xBdTNJSzdHN045R3k4UTEya3loNGpsRzEySXVMT0IybFRPY1BZSUw3NlpCcXN5cXFRTDE0T3ZZMnBSbEZxbVpYV21oYmxZRG1vd0c0bWhib01lMlhMV0dFYzd0Q0tDb2YyWGZyTWJYckxHRXRYYjdMbjluNXM5TGhGX3hpQkRtMXo3VTJYbFo5NGpFSEl5OE9EcmdlUGFzaGhEb2ZUYk8xU2NrN1B6cU5zYzNPU1pWa2NFZHdrSFJHZXE4VVVucTJORG5iem1yM3gtdHdCbXVSazhpaGcwUWpOVnFHOUpsOWpZb09NN2NuREV3WENnbjVLa0VjbXlBbG4zSQ?oc=5
Tesla,2026-01-28,Elon Musk says Tesla will stop producing its S and X models as it shifts to making robots - NBC News,"{
    ""summary"": ""Elon Musk announced Tesla will cease production of its Model S and Model X vehicles, indicating a strategic shift in the company's manufacturing focus towards potential robotics deve",0.50,NBC News,https://news.google.com/rss/articles/CBMivAFBVV95cUxQQmVsTjlwQWFjYjRKOEotdnhRSzFjR1VNQW5WUmRZRUJzTmxyWnItd0Jqd2NZbkQ5ei1GUWhMNXlEdGxjZVZITDlGVU5sNGZyaWg4c0pnUkExNV9uNFZzZFpTRmFLbmwtWUZYZGtFZnRSTmpRY3ZxWmRVamlQcnh6NXFYNVVTV0V5cm5LZXZkcWF0NlYyTHRDRnNZU3MtbHJqOE1BUG1VVzFuUkpJQ0VtSTBkMmxMZUNCckxEbg?oc=5
Tesla,2026-02-02,Tesla Supercharger network grows as company focus moves away from automotive - EV Infrastructure News,"I apologize, but no actual article text was provided in your request. Without the specific article content, I cannot analyze it or extract information. If you would like me to analyze a news article a",0.50,EV Infrastructure News,https://news.google.com/rss/articles/CBMixgFBVV95cUxQaUxhZkdYanplSm5xdm9YQzByVTd4TUVpVXlQNEJUX1pIS2dEcW5Fa2JmNmlZM1Bya0FfUVdGcE95U0FXNm42OEh2V3ZvVnRzV1RSWnI5S0pjbEtITlV5Ql9FZzVRTVdUODRyV05qby12UUp3N2NjYWxHNXFFRFNvMU1malhkUk1EVFJxSk9TVUoyRXVYcVNRaWt6dWFPUko2UXdxeHY0M0NvcVl4dXlwRkRoc3lZMkRIWkNtZzFUQWNGbXR3NVE?oc=5
Apple,2026-02-01,The AI Boom Is Coming for Apple’s Profit Margins - The Wall Street Journal,"I apologize, but no actual article text was provided in your request. Without the specific article content, I cannot analyze it or extract key information. If you would like me to analyze a news artic",0.50,The Wall Street Journal,https://news.google.com/rss/articles/CBMijgNBVV95cUxONExDMDlWeHJwc0lTMTFPd01PMFZvTWlkb1hfbGJaSkxnODdmQkREUE9ETUZVcU52QzAwd3VmVklqVDNZdHU5a1U3aHhsMlA4a0g1WXZGZWxTREEya09SV2tucFJPZDVxZjcxOWtWcnJaYnZQQWxLS3pEcXlrc2NvclMySVRYZGZfcmRvZkFDX2p5eng3VkFUSHgyNUhlOFNPeWFaWHdyemkzbC1oTmZxU01aczh2ZmVDb2drWWVzVTJjaVlhWS1sN0lFTC1oWnQxbVBLc1BxcGxLT05RN0d5WjV0b1pkeUEzWnpxeGpzbzhNZ2Z4dGVPeW5RTXZraUZnNF90X084bTBQSFJOTDRTRk9IMzM3UDQ1aGxYalkyOVVzVTdhd21sUlRkMkdOYThQRy1aTkZ3a1k5ZkJ3N2p4dVA3aW5KQkRrRVVtSmJFQjVmanJOdENadWRvSUNiTkpGV1N1eVZZbDhucEV5Z0hDbUdJLV8wSmVOV3RnanZWUkVBUVNYQ0JwZmVUVnNPQQ?oc=5
Tesla,2026-01-30,Tesla Just Killed the Most Important Car of the 21st Century - The Atlantic,"I apologize, but I cannot actually analyze the article because no text was provided in your request. Without the specific article text, I cannot extract key information or generate a meaningful JSON r",0.50,The Atlantic,https://news.google.com/rss/articles/CBMihgFBVV95cUxPQjhGaDJNZ0k1VGxQbEtaeXpmY3dRVWFzd1FDWWV2WjJIVzRqV2wyZ2dKM1Q2d3pIcDBTYWdhZEQ5b3EwWmlOX1pKRkhHS2pFdlpXenZFTWFYQWI2N0plRUhkWkpqV3ZiNjhQT0NXZkh6V241ZTZ6WUpWaV9SX2h3bGF4ZzY3Zw?oc=5
Tesla,2026-01-27,Pilot Partners with Tesla on Semi Charger Network for Fleets - Pilot Travel Center,"I apologize, but no article text was actually provided in your request. Without the specific article content, I cannot analyze it or extract information. If you'd like me to analyze a news article abo",0.50,Pilot Travel Center,https://news.google.com/rss/articles/CBMimwFBVV95cUxNTFBRZUk4ei1vLWVwbXNMWHhYdDJIUjItR0FCbGc2TGRlN1VPNWVxQlpIMUMxaE9tY3h1S05tN2w1NGgxM2JVc3RqOEdhM3U2VGwzcmxYYnM2WFUyTUlvbkMwLUpocjd5OFAxSlRzR0N2YVhxVERTS3JPdkJpVXBpSGxwTHpOSFFMaG4zSUNPU0RMNkg3bElDeDU4SQ?oc=5
Tesla,2026-02-02,Tesla Made A Little-Known Family Insanely Rich With a $2.9B Deal—Then Cybertruck Delays Wiped Out More Than 99.9% of It - Yahoo Finance,"A family's investment in a small company that was later acquired by Tesla resulted in a $2.9 billion deal, but subsequent Cybertruck production delays have dramatically reduced the value of their investment.",0.90,Yahoo Finance,https://news.google.com/rss/articles/CBMiggFBVV95cUxPcmd0M2s3QVFNQVA4UkpraFZacFdzamtTcHRmY2FpM3phdkI3YkZDZHF6cWNrVG45dkdBdHd3OHlYTzNVS1h0MVJwWGJqc1BzYUNFN1JJTVJYUF9NcnB2aEFNdnBTYTVoU05naURfVkRpMjZfSk5ubnRqeHNJOHhHVDhR?oc=5
Tesla,2026-02-02,Tesla to start autonomous driving tests in Israel after Transportation Ministry approval - The Jerusalem Post,"Tesla has received approval from Israel's Transportation Ministry to begin autonomous driving tests in the country, marking a new expansion of their self-driving technology testing efforts.",0.90,The Jerusalem Post,https://news.google.com/rss/articles/CBMihgFBVV95cUxOMi16MmpZOEJTMWtPNUV2aW1sMUhQZ19SY1M1Q1dWTGNHLXVhc29qell0eVhISkhSZDJuRTlsQkI2OXNvc1hBU01jWlU4WldPOGd4RC1Cd3A1Vm5mSEZKYVNxY0RFZ2V1MlFfTFVnc3owclhmNmJsWGpKQ0REVDhUZmlabTJLdw?oc=5
Tesla,2026-02-02,Tesla Profit Plunges 46% as Vehicle Sales Weaken in 2025 - Mexico Business News,"I apologize, but no actual article text was provided in your request. Without the specific article content, I cannot perform the analysis and extraction you requested. If you would like me to analyze ",0.50,Mexico Business News,https://news.google.com/rss/articles/CBMimAFBVV95cUxQX3FYcDBweHRkRm04NW41N1R1NnpEWVktZjNKbW5JSkVvT3QxRzFXcUpiZnNjV01NRjRJZW14VjZxSWRQcTJtOFlabllMUlJNX2g1cGpfTFRySldwYmlZaWVtSHBaYUg4QkNteW9CaEsxZmwtOHNxRzdwZGotdFAtWUxna0ZIRUJwdUdGRkYxUXNYa1oyQ0o3Ng?oc=5
Tesla,2026-02-02,"Newsom Offers Tesla, EV Makers a Boost With $200 Million Rebate Plan - Bloomberg","California Governor Gavin Newsom is proposing a $200 million rebate plan to support electric vehicle manufacturers, which would likely benefit Tesla and other EV makers in the state.",0.85,Bloomberg,https://news.google.com/rss/articles/CBMiuAFBVV95cUxQNVZKMDNRLXpkeklkTXVDMVl1SklSMnhRZjQwVThTZkhHclhhWGxvYTZ6Q3M3NVdwcTF0S3F6aTZSeFZ5Uy1wVC1aUjdfTUMyYTFDOWlFOHBXMGkzZkJybVZ1Q3REd1VmMWV6VFJEb1dONmVON0hkdzVBUC1FN3lsLXNmRkVOTU1MVmFaU1VGeGphM1NHd3plOXBud3FFbDBnWExiQ1E2eUN0eS1FS2VPV2MyVk5hZjZJ?oc=5
Tesla,2026-02-02,China outlaws door handles Tesla is famous for - Sherwood News,"I apologize, but I cannot actually analyze the article because no text was provided in your request. You mentioned an article title about Tesla and China, but did not include the full article text. Wi",0.50,Sherwood News,https://news.google.com/rss/articles/CBMif0FVX3lxTE5JRzg5WUgzTHk3cHdmWHpLam1GQzdmM3BCZ2NneUJBa0tDbWFIR1lkOHFQVkxMUHZsV1QtTHc5V0xKSW91NzNtSHVnQ2gyQ08teEdPU1F6c3haQWxTQXdOazA1LWswb09IbmFTSmZhMHBJcjY5YVVVbk1qdERGdFE?oc=5
Tesla,2026-02-02,Tesla energy storage deployments jumped in ‘crucial AI transformation year'; company expects margin compression in 2026 - Energy-Storage.News,"I apologize, but no actual article text was provided in your request. Without the specific article content, I cannot perform the analysis and extraction you requested. If you would like me to analyze ",0.50,Energy-Storage.News,https://news.google.com/rss/articles/CBMi4wFBVV95cUxNX2dkTDM3VzFxQ0F1RFhVRE5vRzlLTWg0aVYzalVqaVZCckVqdF9HeW5VM0duOVozbG90Y2VqMk4ybGlBNTlGY0lqckJUTDJXZXgzZUhBNWpYRFhMOGc1eTBuLUM0QkJ5bXdHazVmM2xVck1wNFpuRllWUGt3aG9jcFRVcDdPZmlZZ2U2d24tY0I0MTh6WmFUcWUtdUhvZDF4NVltbXcyUlgyTy1Dem1pWVBTbDljOUdTamM5MUVPaDZfblAzWDN3VGNQU3FnNWdObk9YcTlvWGtsTWtIYmR6RHJzRQ?oc=5
Tesla,2026-02-02,Volkswagen Overtakes Tesla in Europe’s EV Market: A Turning Point for Clean Mobility - CarbonCredits.com,"I apologize, but no article text was actually provided in your request. Without the specific article content, I cannot perform the analysis and extraction you requested. Could you please paste the ful",0.50,CarbonCredits.com,https://news.google.com/rss/articles/CBMirgFBVV95cUxQTzRNQUVDWVNlbEc1QnNEemZnbk5qZXQydUozSE8xNUdJWFFiR0R0RjZkVWFsWGloRFVGUWZweXNEV1dGTU9DRksyVF9zV3QwR1R0dVlVMWVMZ0hqelJMUHBnVGJpc3dISGJKOFNEOWhIMkFyRjFfUF9yMGNHSnU1UXJKM3U0TmwzQzJ1WC05LThNWF9JZTZfZDRtYk5GQzlUTDJOQjlSeEtBbjZmV0E?oc=5
Tesla,2026-01-30,Responses to Tesla Trade-in Article - CleanTechnica,"I apologize, but no actual article text was provided in your request. Without the specific article content, I cannot analyze it or extract information. Could you please paste the full text of the arti",0.50,CleanTechnica,https://news.google.com/rss/articles/CBMifkFVX3lxTE1UeGJfQXQ0SWNrWVpCbUJwWlVkSFNDOXhNVHBYRDlWWmRkbDJ3RkdYRVRpTUJMYk9Bc0NiYUREa3c3RHVCc1VKSmlaNXM1TVFLMGhDMXZ2dTZPSnZzLWpUdTZtdkNzeUJhemd5VEtMN3pRd0hSQ2FFR3Z5WmdDQdIBgwFBVV95cUxNcGxYOE1XS0hWRjNaZDd1LUtCalZMRXdZd1VzOUxXWnVpOXM0TWVsQlpzeWN6VG82bXl2ZEotcVREWHZFUWN5d1RaWHJJM1NQMGRKRG5BR2RlSTRoSFdYVFlrbVBBOFNuZ2ZnUWRaYUVzLTIzTWRBMjhQbkxxSFRyNjVucw?oc=5
Tesla,2026-02-01,Why Tesla Stock Could Double as Optimus Reaches Human-Level Proficiency This Year - The Motley Fool,"I apologize, but no actual article text was provided in your request. Without the specific article content, I cannot perform the analysis and extract key information. If you would like me to analyze a",0.50,The Motley Fool,https://news.google.com/rss/articles/CBMikwFBVV95cUxNaGZCTk9sd2I4UDJ5dHlja3ZSTmM3cTk3RzRvR2NnMVJOSGRlcVhzdXdoWXRKb0pnRlZoMEZuNnphNXotbmxoOGVQS003MFlGQnNjMjlXNm1DZTNsTnBaNzF1UExpUjA4R21xN1hmNE5tQUpaTU5mZXM3Q3JCZS03NHk5c3lpM3FYRUFocndrR0FXOUk?oc=5
Tesla,2026-02-02,How The Narrative Around Tesla (TSLA) Is Shifting With The Latest Price Target Update - Yahoo Finance,"I apologize, but no actual article text was included in your message. Without the specific article content, I cannot perform the analysis and generate the JSON response. Could you please paste the ful",0.50,Yahoo Finance,https://news.google.com/rss/articles/CBMiigFBVV95cUxOREd6MjNsWlVCWEJYU3NUM21WQVVuY2dGQmQ2WFZ2ZzJ2end1akFyOThrOTVOdnpEcXJfMWduaTNBWTFjYnpiaHUydnFrMzNTMlNJWUNPSVpHWUpPbXBJUTVCSHNqMzhnMGVJdG1SNnF3UGdpazBWYl9QdTNnWFAyQmJYdWpIMmt3R0E?oc=5
Tesla,2026-02-02,Tesla’s Next Move: Why Analysts See Either $500 or $350 Ahead - 24/7 Wall St.,"I apologize, but no actual article text was provided in your request. Without the specific article content, I cannot perform the analysis and extraction you requested. If you would like me to analyze ",0.50,24/7 Wall St.,https://news.google.com/rss/articles/CBMiowFBVV95cUxQV0UtZlVZMnl1d0hQQnFhZF9aYmJEYVcxMW5LZkdTT3RZSndiMWtGVHFUaTg3UGRZdm1Id3dOdjJGUV9ISl9YdjFMa3R5dHR4MkhYME44XzZiRDJ4cW1Cek1MSlVrY0I3S09McTdzcmMxN3cxZFBsb3pia3VRSFFFOG1Qalg2Z0l2MUZLV0lTekVfS2ViSk91ZUFXeVdMaXNfSkVz?oc=5
Tesla,2026-02-02,"Tesla new car sales in Italy jump year-on-year in January, after 2025 drop - WKZO","I apologize, but no actual article text was provided in your request. Without the specific article content, I cannot perform the analysis and extraction you requested. If you would like me to analyze ",0.50,WKZO,https://news.google.com/rss/articles/CBMipAFBVV95cUxPR002cWc0TWVDdzlXbDdYMWtnOVJwWjEzdTMxaHBlaWxHRDBQMWlSaWE3eHFKX2prQ1NwUVROdjhNQk5XeHBzV0tRM21YRWVMYUNjRGE0N2lZMHo4Z2ZqVElRRXBSV1lSeXRBaUFwY3R0SjV3VWFhY19GMm96VDhyYnhuS1NZaXZFXzhIeGczSlVyN0dkUlhQYlZSdU5WRUo5dFdINw?oc=5
Tesla,2026-02-02,Tesla Model 3 vs. global rivals: Who’s the cheapest? - The Jerusalem Post,"I apologize, but no actual article text was provided in your request. Without the specific article content, I cannot perform the analysis and extract key information. If you would like me to analyze a",0.50,The Jerusalem Post,https://news.google.com/rss/articles/CBMiXEFVX3lxTFBVdWE5RlhPTmNMWEdNQ3NaeG5vRnNrQUJIQmxVMENZMVFTVVR5QlBlbml2UEZGeEJ1STFrVDVvbVV4NExReU9DZTFtQjA1TWpCRmNzWGlGUzBIYmxu?oc=5
Tesla,2026-02-01,How investors should look at the new Tesla as it leaves EVs behind - Yahoo Finance,"I apologize, but no actual article text was provided in your request. Without the specific article content, I cannot perform a detailed analysis or extract key information. 

If you would like me to a",0.50,Yahoo Finance,https://news.google.com/rss/articles/CBMisgFBVV95cUxNR2F2bUh2R0dteGl0RjJwUzR3T1RfWXg1RHoyRkVsckJ6UkZqenI5NUcwT2J3aENXSFVGX2dnUHFueTdrczlhZDFONmVCeUJQUEUyeF9SbzdueUZyMkloY3lHaTJwMVl5SFBzNTNuRXJUYUZJNUJ2bF9FUU5EU3pLaXNZZS05OGViWFhONndxSEdfMmtfQ1pxZ2NGbGZUZW02eXMzN2pybVA0TFZlNVFPV0R3?oc=5
Tesla,2026-02-02,Tesla Is Officially In Its Enshittification Era - planetearthandbeyond.co,"I apologize, but I cannot actually analyze the article because no article text was provided in your request. You mentioned an article title from ""planetearthandbeyond.co"", but no content was included.",0.50,planetearthandbeyond.co,https://news.google.com/rss/articles/CBMiiAFBVV95cUxQdDNVWHVseDM0YWMxVlVZbkYwN0dnR294N2hRaWwwQ1puUV9OVjE1aUxUd0djb09xcEtJdUNsdmtwRllpLVh1X1REU25ubUZvS2JGUlhuVEVtTFMtWXd3eDE0d3FSSm1wc3dhMFFRYUhEeFlULTZTVExiZ09TZ25nb2g1SnloYUZq?oc=5
Tesla,2026-02-02,Why Is Tesla Stock (TSLA) Falling Today? - TipRanks,"I apologize, but no actual article text was provided in your request. Without the specific article content, I cannot analyze it or extract information. If you would like me to analyze a news article a",0.50,TipRanks,https://news.google.com/rss/articles/CBMidkFVX3lxTE4xU1dvMVVCeGN6V0VJd09YRk1KOWZYUXl2a3pTUzg2ZnRJOTJJVG5XR0I2RG1zSVFBbVBKeUlFSklvak5veGlHakFwR3pfdEJScUZJUWJzcGpLVmw0SWpxLUFKWlVNOU5rM21IX1ExcFd4UkQxMVE?oc=5
Tesla,2026-02-02,"Veteran analyst delivers surprise verdict on Tesla, Nvidia - thestreet.com","I apologize, but I cannot actually analyze the article because no article text was provided in your request. Without the specific text of the news article, I cannot extract key information or generate",0.50,thestreet.com,https://news.google.com/rss/articles/CBMiogFBVV95cUxNU0tlNVB4WnZJTi1RQkdhVXBxSG9iUkFteUtaNXFOMEJlaTczRktMeUxvMFpCUnRSQ3Mzb05KRVktQ0t1SjlVRDhYZUhXSWtGd21QUjVfVVpnaFV0Y0NUNktDUjRPZEduMFRBc3NDREJyTW1jWWJHemhndEdoa1c0dWprb0NCdDZHQTVBR2xTWVN1TGpuLUhCbkRyWEprVnRMZlE?oc=5
Tesla,2026-02-02,"Tesla still working on CarPlay support, here’s what we know - 9to5Mac","I apologize, but no article text was actually provided in your request. Without the specific article content, I cannot perform the analysis and extraction you requested. Could you please paste the ful",0.50,9to5Mac,https://news.google.com/rss/articles/CBMikwFBVV95cUxQRVFOWExuU3luN29Td1hGM2EweUt2a1JUS2QxX2NHVU5FV0g1Sm9XdndwZWVvNzNRZ2lwWkFjRjhnS19OU0RTSlRibS1Uc2Jic25iOW9HMWxtUHp4NTlOeEZDY1g0R1p6UUNHV2NIRlRGOW03V3RiWnZyMDFvTmliTG9ESHNCZHRoQ0xxS2NtVkt3ZHM?oc=5
Tesla,2026-02-01,Tesla just made it clear: It's no longer a car company - Yahoo Finance,"I apologize, but no actual article text was provided in your request. Without the specific article content, I cannot analyze it or extract the requested information. If you would like me to analyze a ",0.50,Yahoo Finance,https://news.google.com/rss/articles/CBMinwFBVV95cUxQRnRUNUVTX1FZcHRIc2ZTS0lSUHI0SGdfRjhqSW9Hei1MVUJrUEVteEtzdlUwaERTUmd2ZmdiTXhUTTk5RVZUNVdadHJlWmx3VEsxbXRLRXBNaVJaU2VSQjY1eXphMUhaeVdMUFlUQjJ4Z1IzZldkaFdLaHZ5SEZUdTlPVG95a085Zmc0cFdnSFhtMkp5YjhWd2pnUXFocW8?oc=5
Tesla,2026-02-02,Tesla Suddenly Likes Solar Again - Forbes,"I apologize, but no actual article text was provided in your request. Without the specific article content, I cannot analyze it or extract the requested information. If you would like me to analyze a ",0.50,Forbes,https://news.google.com/rss/articles/CBMikwFBVV95cUxObUIweUlLdVdKYVJaTG9QSTBDUFlrYV9oanA1MTAxcVZmckdscTBxYURObGpVNVpQN0s2U1dMa0JOaDRsYjVMSkx1WldUcWVDZ3FkeVpZcEFaZnVBU1B6ZHhKWWtjSHpYa3p0eFc4bkdoMVdtTjNESDlsc3RVR0dYUHZfWjZDeU1IMkVhcTZ0MFhNaDQ?oc=5
Tesla,2026-02-02,"BYD, Chinese EV Stock Plunge On Weak Data. What That Means for Tesla Stock. - Barron's","I apologize, but you have not actually provided the full text of the news article. Without seeing the complete article, I cannot accurately analyze its content or extract key information. 

If you wou",0.50,Barron's,https://news.google.com/rss/articles/CBMiiANBVV95cUxOcEFKN2R2eHhPX05qcm9yTGZCTHdFUnZGM1ZCd21HODBFTnBxLWx2VnVXR0JzOHBuVXBEVV92ZkgwME9mUnZhclF6b3ZLcXl6M3paYUM4Z0dtcEd0UVRDeVFHOHVUQmlhZ25ucE9NWVhrNndYLS0zUjhWeU01QlhPY1JfMTYtdVZaMTJlRGNDRnRoMnljSHVkTWR1c0JEUGxqVUxiNjJmVU55akFjYnBrVUJZVHExZUhfVHRDaThXd2lRbUhJOHkxN01BUVJMaFN6QUpvTzZ4N2JNRnpBWXc4d3dObVFfbW92SXpJOGJUZENMRmFoWjFVNk85aUk5Rjdjb1BvWXFvb1lrTGJxTEIxOENnbnJLeHpnN0F0OXYxUl9rVU1GaGNsYVZJb0JIR1ZLVFh3bHZQQnpCbG1abTVqcG1NTVJfb0pQaGNiZlpzRUR4OXNVYmU0V2JEa1BMVW5sY3o4SlRtUmhuVzBLUmtOdllIR1hBSC1Jb0NXWTJrbmJ1RVZXNWdxbg?oc=5
Tesla,2026-02-02,"Tesla, US automakers under threat by Chinese joint ventures - Yahoo Finance","I apologize, but I cannot actually analyze the article because no article text was provided in your message. Without the specific text of the article, I cannot extract key information or generate the ",0.50,Yahoo Finance,https://news.google.com/rss/articles/CBMipwFBVV95cUxPSTNEU1UxLWZRMUZCREVKaEdmNkVxN2hqb3BySUNxd1NpZ1hiTWpKd2I3YktCaTIzbW50bVJUaUg0OVdjT3dJTjBXTWNhU3hJTzJWWUozZ09MYTlxLXp5SEprelN1MncwM1RwRkQ1TzRvVjVRWV83c1NDbEVnQVZBUnYxQVB5THBYeENwYk9RLWNBdGcxNGxMVGJCRDNvX0c4ZmJMLVNjOA?oc=5
Tesla,2026-02-02,Ford Denies Collaboration With Chinese EV Maker. Tesla Stock Is Dropped Anyway. - Barron's,"{
    ""summary"": ""Ford denied rumors of collaboration with a Chinese electric vehicle maker, but Tesla's stock was negatively impacted by the market speculation surrounding the potential partnership.""",0.50,Barron's,https://news.google.com/rss/articles/CBMihANBVV95cUxPVF9QZ2ZkSHdhY1R2NG1KV3VPLWVZUXgybVg3bHBVaFBQU3JvcWZPTVFXRTlvMC1NeUpQUzBsN0dGcWhidnQzX2JBUU9QMWt1T291SDFxa2FkZktqeGpJc1BKc1dxQks4bmc3djJ1ODJYNFplbjctLWdSbmNaM25OWUVnVDIzaG5iTFBoV3BERGtDd0FQenJ5aTdLTWx3NHJJSG9udjM0dnFPclQ3Y0pnWE51R21NcmlMdzZGeFZfVG1PQi1BSGdLd2t6X3YtOTYtbzNtdXZUbW1LRkFQc1l0bXNyb08xaUNrLTVnQkQ4d2xVUVhsb2w0LUt6dzNzbmJCN0FIVF9mS0I5VWtVclowRzRORExWMi0taVo3cUtWZVpxcGpFQWNOTU0zZmgyczN1ZEdNdElPdlNVUnJoNVB4ZEI2RVZpdElLcjN5ZnhjUXU1ajhKWHM1OHpUZUNTMGtzMkZ0eTdLUm53M1Itd1NBSGszVzB0QmtzMi1VTDhXV2RHdmhl?oc=5
Tesla,2026-02-02,Elon Musk explains why Tesla’s 4680 battery breakthrough is a big deal - Teslarati,"I apologize, but no actual article text was provided in your request. Without the specific article content, I cannot analyze it or extract information. If you would like me to analyze a news article a",0.50,Teslarati,https://news.google.com/rss/articles/CBMigwFBVV95cUxOXzZQdE43ekxhQlg5amQ2eGM3UmNoTVZiMGVVdzJPaUJpSWxtNW53UjB4T2NNUGpFV3ZhQTc5ajJyLWNLSnREZFpZU1VYaVRQaWx6NFcycmk5SzJsS0stSnRVUmhucG5rUTY5REd6NTBIWW9NQ3FwLU5ZYURNSENXek1iRQ?oc=5
Tesla,2026-02-02,"Tesla new car sales in Italy jump year-on-year in January, after 2025 drop - Reuters","Tesla's new car sales in Italy increased in January, showing a recovery after a decline in 2024. This suggests potential market improvement for the electric vehicle manufacturer in the Italian market.",0.90,Reuters,https://news.google.com/rss/articles/CBMisgFBVV95cUxPZ2txSGkySFU0X0F5MktObHBKZHFDdlpoaW9Zc0ZkMGtzRTZERy13SXA4YzRoSjJWR2dZZURrektVc0gyRWhVRlJuQzlMVjhzcW5mWVZIS192czZvVkN0YV9CejNvNHViajgyQXFsMEYzbnV5TWR4YlhJbWFRM1NUZkRRVXdybFZRS0hreG56d0hkem5PQWJ0ODQwOEhBYmphcDF0TGdaVzA5c0NYR3NHUUtn?oc=5
Tesla,2026-02-02,Tesla's Chinese Rival Tumbles As Domestic Sales Continue Sharp Decline - Investor's Business Daily,"I apologize, but no actual article text was provided in your request. Without the specific article content, I cannot analyze it or extract information. If you would like me to analyze a news article a",0.50,Investor's Business Daily,https://news.google.com/rss/articles/CBMidkFVX3lxTFBETklWbnZZNlh2dUd2R1RNbWxJQXVqcU1DenJXNUZWdXhhZmdJSUd1UDJtRFRFYktmeURtcjlLQlRrLUhUT0h1S05qOThwbnl6Xy1SMTl5YUo0QWNLQ3dHZnBfY2xLejU1TEo4NXBXLWY3T1VJZEE?oc=5
Tesla,2026-02-02,Newsom's New EV Rebate Framework Would Boost Musk's Tesla - Transport Topics,"I apologize, but no actual article text was provided in your request. Without the specific article content, I cannot perform the analysis and extraction you requested. If you would like me to analyze ",0.50,Transport Topics,https://news.google.com/rss/articles/CBMia0FVX3lxTE1scC1iTmFSX2FiU29FTlVqUGRqM1FkRGRBNVFVcjA1WkhGbjU0SVVRdktWd2lUMk83YzIzRVVGQlN4RDc2V2Z2b3ZqVVV6dGk5SnROc3dZUk5lYzVsOXdBTll3d3ZxbUw2Nlpv?oc=5
Tesla,2026-01-30,"Tesla, Inc. | History, Cars, Elon Musk, & Headquarters | Britannica Money - Britannica","I apologize, but no actual article text was provided in your request. Without the specific article content, I cannot perform the analysis and extraction you requested. Could you please paste the full ",0.50,Britannica,https://news.google.com/rss/articles/CBMiWEFVX3lxTE1DYzB5d29UTWVKVDdpTnNETGVGbGozWUk5aU9WckoxQW5KNWdhdS1WcG9XcnV2TzBRWlQta3M3d19TTWZUalVOSnVFajZ0YlhNbXZnYjBsaU0?oc=5
Tesla,2026-02-02,China Is The First Country To Ban Tesla-Style Door Handles Over Safety - Jalopnik,"I apologize, but no actual article text was provided in your request. Without the specific article content, I cannot perform the analysis and extract key information. If you would like me to analyze a",0.50,Jalopnik,https://news.google.com/rss/articles/CBMieEFVX3lxTE9rVDQtQTdCc200NTllQWJSTGptclpVbUFpZm1xV2RzYTdRVHBkS2ZxanlDeHdGSEVOUFBTUGMzSkNPSEZVR2pjV2dGZ2VDNFZTMnhpank3bXVRNWxScHVtQkYyemZ3amQyU1NFc2pSS0FlaFFjOFNtVQ?oc=5
Tesla,2026-02-02,Tesla Model Y Performance Review: The Best Trim of the Best Vehicle? - Teslarati,"I apologize, but no actual article text was provided in your request. Without the specific article content, I cannot perform the analysis and extract key information. Could you please paste the full t",0.50,Teslarati,https://news.google.com/rss/articles/CBMiigFBVV95cUxPTFV2WHZLdk9yXy00X2N0UVZuelZjY0xUSTVxZHpZUDRzcUFGLS0wWWdudmZEakxtMnJnLVBjMVhLbWc2Ym9mQnBKbDdiUXowZEhUQnBINld4ODc3QUVNNEd5TG5YTVpmeEpIZTdRT2FIRFZ6MjVGOE1WTWhIX09vOUFwQXpWal9LVUE?oc=5
Tesla,2026-02-02,China finalizes proposed ban on Tesla-style hidden door handles for safety - Electrek,"I apologize, but no actual article text was provided in your request. Without the specific article content, I cannot analyze it or extract information. Could you please paste the full text of the arti",0.50,Electrek,https://news.google.com/rss/articles/CBMiqgFBVV95cUxOaXk5SFo3N29HazZQcEMwS2NGVk9mN04ySW5vdmFFd0hxelRESUR6bWRiN2hkbUExWExSVWExdTdZR3hmSVpBd3lFUmM5WjVSel9OMF95RzVhNXhOSG92YjVQLXctd2tzSXh6NXVDWFdWYk44bk1NSVpjX29zOUljR0JOaEJ3TDJhbVo3RFUxZ00ySVhEOHlzSHBtTG10al9UQlpTaXRDQ2wwZw?oc=5
